<?xml version="1.0" encoding="UTF-8"?>
<beans xmlns="http://www.springframework.org/schema/beans"
	xmlns:xsi="http://www.w3.org/2001/XMLSchema-instance"
	xmlns:jdbc="http://www.springframework.org/schema/jdbc"
	xsi:schemaLocation="http://www.springframework.org/schema/beans http://www.springframework.org/schema/beans/spring-beans-4.0.xsd
    http://www.springframework.org/schema/jdbc  http://www.springframework.org/schema/jdbc/spring-jdbc-4.0.xsd">
	
    <!-- mariaDB Connection Pool -->
    <!-- <bean id="dataSource" class="org.springframework.jdbc.datasource.DriverManagerDataSource">
        <property name="driverClassName" value="org.mariadb.jdbc.Driver"></property>
	    <property name="url" value="jdbc:mariadb://mydb.cmc2jddzdyln.ap-northeast-2.rds.amazonaws.com:3306/myAwsDB" />
	    <property name="username" value="poly" /> 
	    <property name="password" value="Poly01!" /> 
	</bean> -->
	
	<!-- dataSource 설정, spring-jdbc 모듈 사용, spring 에서 jdbc 를 통해 mysql 에 접속할 수 있게 함 -->
    <bean id="dataSource" class="org.springframework.jdbc.datasource.DriverManagerDataSource">
        <property name="driverClassName" value="com.mysql.jdbc.Driver"></property>
        <property name="url" value="jdbc:mysql://192.168.0.58:3306/cf_2ced2391_3a15_4671_a501_8afde79c4d7a"></property>
        <!-- ssh Tunnel을 이용한 로컬연결 -->
        <!-- <property name="url" value="jdbc:mysql://localhost:9000/cf_2ced2391_3a15_4671_a501_8afde79c4d7a"></property> -->
        <property name="username" value="KCU6ZjkCLt4RPFG0"></property> <!-- mysql 아이디 -->
        <property name="password" value="0T3NQFmu3j5YWUPV"></property> <!-- mysql 패스워드 -->
    </bean>
    
</beans>

