<?xml version="1.0" encoding="UTF-8"?>
<!DOCTYPE configuration PUBLIC "-//mybatis.org//DTD Config 3.0//EN" "http://mybatis.org/dtd/mybatis-3-config.dtd">

<configuration>
    <typeAliases>
    	<!-- 사용할 DTO 등록  -->
		<typeAlias type="poly.dto.DummyDTO" alias="DummyDTO"/>
		<typeAlias type="poly.dto.UserDTO" alias="UserDTO"/>
		<typeAlias type="poly.dto.MovieDTO" alias="MovieDTO"/>
		<typeAlias type="poly.dto.MelonDTO" alias="MelonDTO"/>
		<typeAlias type="poly.dto.OcrDTO" alias="OcrDTO"/>
		<typeAlias type="poly.dto.StudyListDTO" alias="StudyListDTO"/>
		<typeAlias type="poly.dto.BoardDTO" alias="BoardDTO"/>
		<typeAlias type="poly.dto.MbtiDTO" alias="MbtiDTO"/>
		<typeAlias type="poly.dto.ContestDTO" alias="ContestDTO"/>
		
    </typeAliases>
</configuration>