<?xml version="1.0" encoding="UTF-8"?>
<!DOCTYPE mapper PUBLIC "-//mybatis.org//DTD Mapper 3.0//EN" "http://mybatis.org/dtd/mybatis-3-mapper.dtd">
<!-- JAVA와 연결할 Mapper 파일 설정 -->
<mapper namespace="poly.persistance.mapper.IContestMapper">

	<!-- 셀레니움으로 크롤링한 공모전 정보 쿼리 -->
	<insert id="saveJsonCrawl" parameterType="ContestDTO" >
	INSERT INTO CONTEST_INFO
		(
			CONTEST_SEQ,
			CONTEST_AREA,
			CONTEST_NAME,
			CONTEST_HOST,
			CONTEST_IMG,
			CONTEST_ADDR,
			CONTEST_PRIZE,
			CONTEST_DAY,
			CONTEST_CONTENTS,
			REG_DT
		)VALUES(
			(SELECT IFNULL(MAX(CONTEST_SEQ), 0)+1 FROM CONTEST_INFO C),
			#{contest_area},
			#{contest_name},
			#{contest_host},
			#{contest_img},
			#{contest_addr},
			#{contest_prize},
			#{contest_day},
			#{contest_contents},
			#{reg_dt}
		
		)
	</insert>
	
	<!-- 공모전 각 카테고리당 최신 10개씩 가져오기  -->
	<select id="getTenContest" resultType="ContestDTO">
	SELECT 	CONTEST_SEQ,
			CONTEST_AREA,
			CONTEST_NAME,
			CONTEST_HOST,
			CONTEST_ADDR,
			CONTEST_DAY
	FROM CONTEST_INFO
	</select>
	
	<!-- 공모전 상세정보 가져오기 -->
	<select id="getContestDetail" resultType="ContestDTO">
	SELECT *
	FROM CONTEST_INFO
	WHERE CONTEST_SEQ = #{contest_seq}
	</select>
	
	<!-- 분야별 공모전 리스트 조회 -->
	<select id="getAreaContest" resultType="ContestDTO">
	SELECT *
	FROM CONTEST_INFO
	WHERE CONTEST_AREA = #{contest_area}
	</select>
</mapper>